{
  "khoa_hoc": {
    "precision": 0.8823529411764706,
    "recall": 0.9213051823416507,
    "f1-score": 0.9014084507042254,
    "support": 521,
    "confused_with": {}
  },
  "micro avg": {
    "precision": 0.8823529411764706,
    "recall": 0.9213051823416507,
    "f1-score": 0.9014084507042254,
    "support": 521
  },
  "macro avg": {
    "precision": 0.8823529411764706,
    "recall": 0.9213051823416507,
    "f1-score": 0.9014084507042254,
    "support": 521
  },
  "weighted avg": {
    "precision": 0.8823529411764706,
    "recall": 0.9213051823416507,
    "f1-score": 0.9014084507042254,
    "support": 521
  }
}