{
  "khoa_hoc": {
    "precision": 0.898876404494382,
    "recall": 0.9213051823416507,
    "f1-score": 0.909952606635071,
    "support": 521,
    "confused_with": {}
  },
  "micro avg": {
    "precision": 0.898876404494382,
    "recall": 0.9213051823416507,
    "f1-score": 0.909952606635071,
    "support": 521
  },
  "macro avg": {
    "precision": 0.898876404494382,
    "recall": 0.9213051823416507,
    "f1-score": 0.909952606635071,
    "support": 521
  },
  "weighted avg": {
    "precision": 0.898876404494382,
    "recall": 0.9213051823416507,
    "f1-score": 0.909952606635071,
    "support": 521
  }
}