{
  "khoa_hoc": {
    "precision": 0.8908045977011494,
    "recall": 0.9470468431771895,
    "f1-score": 0.9180651530108588,
    "support": 491,
    "confused_with": {}
  },
  "micro avg": {
    "precision": 0.8908045977011494,
    "recall": 0.9470468431771895,
    "f1-score": 0.9180651530108588,
    "support": 491
  },
  "macro avg": {
    "precision": 0.8908045977011494,
    "recall": 0.9470468431771895,
    "f1-score": 0.9180651530108588,
    "support": 491
  },
  "weighted avg": {
    "precision": 0.8908045977011494,
    "recall": 0.9470468431771895,
    "f1-score": 0.9180651530108588,
    "support": 491
  }
}