{
  "gioi_thieu_khoa_hoc": {
    "precision": 0.8863636363636364,
    "recall": 0.9176470588235294,
    "f1-score": 0.9017341040462428,
    "support": 85,
    "confused_with": {
      "dang_ky_xet_tuyen": 2,
      "co_hoi_viec_lam": 2
    }
  },
  "hoc_phi": {
    "precision": 0.96,
    "recall": 0.9230769230769231,
    "f1-score": 0.9411764705882353,
    "support": 26,
    "confused_with": {
      "gioi_thieu_khoa_hoc": 2
    }
  },
  "co_hoi_viec_lam": {
    "precision": 0.92,
    "recall": 0.8846153846153846,
    "f1-score": 0.9019607843137256,
    "support": 26,
    "confused_with": {
      "gioi_thieu_khoa_hoc": 3
    }
  },
  "lien_thong_khoa_hoc": {
    "precision": 1.0,
    "recall": 1.0,
    "f1-score": 1.0,
    "support": 17,
    "confused_with": {}
  },
  "thoi_gian_khoa_hoc": {
    "precision": 1.0,
    "recall": 0.9473684210526315,
    "f1-score": 0.972972972972973,
    "support": 19,
    "confused_with": {
      "gioi_thieu_khoa_hoc": 1
    }
  },
  "chuong_trinh_hoc": {
    "precision": 0.8181818181818182,
    "recall": 0.75,
    "f1-score": 0.7826086956521738,
    "support": 12,
    "confused_with": {
      "gioi_thieu_khoa_hoc": 3
    }
  },
  "dang_ky_xet_tuyen": {
    "precision": 0.8181818181818182,
    "recall": 0.9,
    "f1-score": 0.8571428571428572,
    "support": 10,
    "confused_with": {
      "gioi_thieu_khoa_hoc": 1
    }
  },
  "kha_nang_ve": {
    "precision": 1.0,
    "recall": 1.0,
    "f1-score": 1.0,
    "support": 10,
    "confused_with": {}
  },
  "accuracy": 0.9170731707317074,
  "macro avg": {
    "precision": 0.925340909090909,
    "recall": 0.9153384734460586,
    "f1-score": 0.919699485589526,
    "support": 205
  },
  "weighted avg": {
    "precision": 0.9181507760532152,
    "recall": 0.9170731707317074,
    "f1-score": 0.9171618872054768,
    "support": 205
  }
}