{
  "khoa_hoc": {
    "precision": 0.9007633587786259,
    "recall": 0.9613034623217923,
    "f1-score": 0.9300492610837438,
    "support": 491,
    "confused_with": {}
  },
  "micro avg": {
    "precision": 0.9007633587786259,
    "recall": 0.9613034623217923,
    "f1-score": 0.9300492610837438,
    "support": 491
  },
  "macro avg": {
    "precision": 0.9007633587786259,
    "recall": 0.9613034623217923,
    "f1-score": 0.9300492610837438,
    "support": 491
  },
  "weighted avg": {
    "precision": 0.9007633587786259,
    "recall": 0.9613034623217923,
    "f1-score": 0.9300492610837438,
    "support": 491
  }
}