{
  "khoa_hoc": {
    "precision": 0.9555555555555556,
    "recall": 0.9078694817658349,
    "f1-score": 0.9311023622047245,
    "support": 521,
    "confused_with": {}
  },
  "micro avg": {
    "precision": 0.9555555555555556,
    "recall": 0.9078694817658349,
    "f1-score": 0.9311023622047245,
    "support": 521
  },
  "macro avg": {
    "precision": 0.9555555555555556,
    "recall": 0.9078694817658349,
    "f1-score": 0.9311023622047245,
    "support": 521
  },
  "weighted avg": {
    "precision": 0.9555555555555556,
    "recall": 0.9078694817658349,
    "f1-score": 0.9311023622047245,
    "support": 521
  }
}