{
  "khoa_hoc": {
    "precision": 0.958498023715415,
    "recall": 0.9309021113243762,
    "f1-score": 0.9444985394352484,
    "support": 521,
    "confused_with": {}
  },
  "micro avg": {
    "precision": 0.958498023715415,
    "recall": 0.9309021113243762,
    "f1-score": 0.9444985394352484,
    "support": 521
  },
  "macro avg": {
    "precision": 0.958498023715415,
    "recall": 0.9309021113243762,
    "f1-score": 0.9444985394352484,
    "support": 521
  },
  "weighted avg": {
    "precision": 0.958498023715415,
    "recall": 0.9309021113243762,
    "f1-score": 0.9444985394352484,
    "support": 521
  }
}