{
  "khoa_hoc": {
    "precision": 0.8974358974358975,
    "recall": 0.8363970588235294,
    "f1-score": 0.8658420551855376,
    "support": 544,
    "confused_with": {}
  },
  "micro avg": {
    "precision": 0.8974358974358975,
    "recall": 0.8363970588235294,
    "f1-score": 0.8658420551855376,
    "support": 544
  },
  "macro avg": {
    "precision": 0.8974358974358975,
    "recall": 0.8363970588235294,
    "f1-score": 0.8658420551855376,
    "support": 544
  },
  "weighted avg": {
    "precision": 0.8974358974358975,
    "recall": 0.8363970588235294,
    "f1-score": 0.8658420551855376,
    "support": 544
  }
}