{
  "khoa_hoc": {
    "precision": 0.9539748953974896,
    "recall": 0.9287169042769857,
    "f1-score": 0.9411764705882353,
    "support": 491,
    "confused_with": {}
  },
  "micro avg": {
    "precision": 0.9539748953974896,
    "recall": 0.9287169042769857,
    "f1-score": 0.9411764705882353,
    "support": 491
  },
  "macro avg": {
    "precision": 0.9539748953974896,
    "recall": 0.9287169042769857,
    "f1-score": 0.9411764705882353,
    "support": 491
  },
  "weighted avg": {
    "precision": 0.9539748953974896,
    "recall": 0.9287169042769857,
    "f1-score": 0.9411764705882353,
    "support": 491
  }
}