{
  "gioi_thieu_khoa_hoc": {
    "precision": 0.8888888888888888,
    "recall": 0.9411764705882353,
    "f1-score": 0.9142857142857143,
    "support": 85,
    "confused_with": {
      "co_hoi_viec_lam": 2,
      "chuong_trinh_hoc": 2
    }
  },
  "hoc_phi": {
    "precision": 1.0,
    "recall": 0.9615384615384616,
    "f1-score": 0.9803921568627451,
    "support": 26,
    "confused_with": {
      "gioi_thieu_khoa_hoc": 1
    }
  },
  "dang_ky_xet_tuyen": {
    "precision": 0.9,
    "recall": 0.9,
    "f1-score": 0.9,
    "support": 10,
    "confused_with": {
      "gioi_thieu_khoa_hoc": 1
    }
  },
  "co_hoi_viec_lam": {
    "precision": 0.9166666666666666,
    "recall": 0.8461538461538461,
    "f1-score": 0.8799999999999999,
    "support": 26,
    "confused_with": {
      "gioi_thieu_khoa_hoc": 4
    }
  },
  "lien_thong_khoa_hoc": {
    "precision": 1.0,
    "recall": 0.9411764705882353,
    "f1-score": 0.9696969696969697,
    "support": 17,
    "confused_with": {
      "gioi_thieu_khoa_hoc": 1
    }
  },
  "chuong_trinh_hoc": {
    "precision": 0.8333333333333334,
    "recall": 0.8333333333333334,
    "f1-score": 0.8333333333333334,
    "support": 12,
    "confused_with": {
      "gioi_thieu_khoa_hoc": 2
    }
  },
  "thoi_gian_khoa_hoc": {
    "precision": 1.0,
    "recall": 0.9473684210526315,
    "f1-score": 0.972972972972973,
    "support": 19,
    "confused_with": {
      "gioi_thieu_khoa_hoc": 1
    }
  },
  "kha_nang_ve": {
    "precision": 1.0,
    "recall": 1.0,
    "f1-score": 1.0,
    "support": 10,
    "confused_with": {}
  },
  "accuracy": 0.926829268292683,
  "macro avg": {
    "precision": 0.9423611111111112,
    "recall": 0.9213433754068429,
    "f1-score": 0.931335143393967,
    "support": 205
  },
  "weighted avg": {
    "precision": 0.9287262872628727,
    "recall": 0.926829268292683,
    "f1-score": 0.9271015451904978,
    "support": 205
  }
}