{
  "khoa_hoc": {
    "precision": 0.9106145251396648,
    "recall": 0.9385796545105566,
    "f1-score": 0.9243856332703213,
    "support": 521,
    "confused_with": {}
  },
  "micro avg": {
    "precision": 0.9106145251396648,
    "recall": 0.9385796545105566,
    "f1-score": 0.9243856332703213,
    "support": 521
  },
  "macro avg": {
    "precision": 0.9106145251396648,
    "recall": 0.9385796545105566,
    "f1-score": 0.9243856332703213,
    "support": 521
  },
  "weighted avg": {
    "precision": 0.9106145251396648,
    "recall": 0.9385796545105566,
    "f1-score": 0.9243856332703213,
    "support": 521
  }
}