{
  "khoa_hoc": {
    "precision": 0.8460236886632826,
    "recall": 0.9191176470588235,
    "f1-score": 0.881057268722467,
    "support": 544,
    "confused_with": {}
  },
  "micro avg": {
    "precision": 0.8460236886632826,
    "recall": 0.9191176470588235,
    "f1-score": 0.881057268722467,
    "support": 544
  },
  "macro avg": {
    "precision": 0.8460236886632826,
    "recall": 0.9191176470588235,
    "f1-score": 0.881057268722467,
    "support": 544
  },
  "weighted avg": {
    "precision": 0.8460236886632826,
    "recall": 0.9191176470588235,
    "f1-score": 0.881057268722467,
    "support": 544
  }
}