{
  "khoa_hoc": {
    "precision": 0.8506944444444444,
    "recall": 0.9404990403071017,
    "f1-score": 0.89334548769371,
    "support": 521,
    "confused_with": {}
  },
  "micro avg": {
    "precision": 0.8506944444444444,
    "recall": 0.9404990403071017,
    "f1-score": 0.89334548769371,
    "support": 521
  },
  "macro avg": {
    "precision": 0.8506944444444444,
    "recall": 0.9404990403071017,
    "f1-score": 0.89334548769371,
    "support": 521
  },
  "weighted avg": {
    "precision": 0.8506944444444444,
    "recall": 0.9404990403071017,
    "f1-score": 0.89334548769371,
    "support": 521
  }
}