{
  "khoa_hoc": {
    "precision": 0.9203187250996016,
    "recall": 0.8867562380038387,
    "f1-score": 0.903225806451613,
    "support": 521,
    "confused_with": {}
  },
  "micro avg": {
    "precision": 0.9203187250996016,
    "recall": 0.8867562380038387,
    "f1-score": 0.903225806451613,
    "support": 521
  },
  "macro avg": {
    "precision": 0.9203187250996016,
    "recall": 0.8867562380038387,
    "f1-score": 0.903225806451613,
    "support": 521
  },
  "weighted avg": {
    "precision": 0.9203187250996016,
    "recall": 0.8867562380038387,
    "f1-score": 0.903225806451613,
    "support": 521
  }
}