{
  "khoa_hoc": {
    "precision": 0.9210526315789473,
    "recall": 0.9266802443991853,
    "f1-score": 0.9238578680203045,
    "support": 491,
    "confused_with": {}
  },
  "micro avg": {
    "precision": 0.9210526315789473,
    "recall": 0.9266802443991853,
    "f1-score": 0.9238578680203045,
    "support": 491
  },
  "macro avg": {
    "precision": 0.9210526315789473,
    "recall": 0.9266802443991853,
    "f1-score": 0.9238578680203045,
    "support": 491
  },
  "weighted avg": {
    "precision": 0.9210526315789473,
    "recall": 0.9266802443991853,
    "f1-score": 0.9238578680203045,
    "support": 491
  }
}