{
  "khoa_hoc": {
    "precision": 0.8808193668528864,
    "recall": 0.9633401221995926,
    "f1-score": 0.9202334630350195,
    "support": 491,
    "confused_with": {}
  },
  "micro avg": {
    "precision": 0.8808193668528864,
    "recall": 0.9633401221995926,
    "f1-score": 0.9202334630350195,
    "support": 491
  },
  "macro avg": {
    "precision": 0.8808193668528864,
    "recall": 0.9633401221995926,
    "f1-score": 0.9202334630350195,
    "support": 491
  },
  "weighted avg": {
    "precision": 0.8808193668528864,
    "recall": 0.9633401221995926,
    "f1-score": 0.9202334630350195,
    "support": 491
  }
}