{
  "hoc_phi": {
    "precision": 0.9615384615384616,
    "recall": 0.9615384615384616,
    "f1-score": 0.9615384615384616,
    "support": 26,
    "confused_with": {
      "gioi_thieu_khoa_hoc": 1
    }
  },
  "chuong_trinh_hoc": {
    "precision": 0.8333333333333334,
    "recall": 0.8333333333333334,
    "f1-score": 0.8333333333333334,
    "support": 12,
    "confused_with": {
      "gioi_thieu_khoa_hoc": 2
    }
  },
  "co_hoi_viec_lam": {
    "precision": 0.92,
    "recall": 0.8846153846153846,
    "f1-score": 0.9019607843137256,
    "support": 26,
    "confused_with": {
      "gioi_thieu_khoa_hoc": 3
    }
  },
  "dang_ky_xet_tuyen": {
    "precision": 0.8181818181818182,
    "recall": 0.9,
    "f1-score": 0.8571428571428572,
    "support": 10,
    "confused_with": {
      "gioi_thieu_khoa_hoc": 1
    }
  },
  "thoi_gian_khoa_hoc": {
    "precision": 1.0,
    "recall": 0.9473684210526315,
    "f1-score": 0.972972972972973,
    "support": 19,
    "confused_with": {
      "gioi_thieu_khoa_hoc": 1
    }
  },
  "kha_nang_ve": {
    "precision": 1.0,
    "recall": 1.0,
    "f1-score": 1.0,
    "support": 10,
    "confused_with": {}
  },
  "gioi_thieu_khoa_hoc": {
    "precision": 0.8953488372093024,
    "recall": 0.9058823529411765,
    "f1-score": 0.9005847953216374,
    "support": 85,
    "confused_with": {
      "dang_ky_xet_tuyen": 2,
      "co_hoi_viec_lam": 2
    }
  },
  "lien_thong_khoa_hoc": {
    "precision": 0.9411764705882353,
    "recall": 0.9411764705882353,
    "f1-score": 0.9411764705882353,
    "support": 17,
    "confused_with": {
      "gioi_thieu_khoa_hoc": 1
    }
  },
  "accuracy": 0.9170731707317074,
  "macro avg": {
    "precision": 0.9211973651063938,
    "recall": 0.9217393030086528,
    "f1-score": 0.9210887094014029,
    "support": 205
  },
  "weighted avg": {
    "precision": 0.9180803382663848,
    "recall": 0.9170731707317074,
    "f1-score": 0.9173590392800542,
    "support": 205
  }
}