{
  "khoa_hoc": {
    "precision": 0.9524793388429752,
    "recall": 0.9389002036659878,
    "f1-score": 0.9456410256410257,
    "support": 491,
    "confused_with": {}
  },
  "micro avg": {
    "precision": 0.9524793388429752,
    "recall": 0.9389002036659878,
    "f1-score": 0.9456410256410257,
    "support": 491
  },
  "macro avg": {
    "precision": 0.9524793388429752,
    "recall": 0.9389002036659878,
    "f1-score": 0.9456410256410257,
    "support": 491
  },
  "weighted avg": {
    "precision": 0.9524793388429752,
    "recall": 0.9389002036659878,
    "f1-score": 0.9456410256410257,
    "support": 491
  }
}