{
  "thoi_gian_khoa_hoc": {
    "precision": 0.9473684210526315,
    "recall": 0.9473684210526315,
    "f1-score": 0.9473684210526315,
    "support": 19,
    "confused_with": {
      "gioi_thieu_khoa_hoc": 1
    }
  },
  "dang_ky_xet_tuyen": {
    "precision": 0.8181818181818182,
    "recall": 0.9,
    "f1-score": 0.8571428571428572,
    "support": 10,
    "confused_with": {
      "gioi_thieu_khoa_hoc": 1
    }
  },
  "lien_thong_khoa_hoc": {
    "precision": 1.0,
    "recall": 1.0,
    "f1-score": 1.0,
    "support": 17,
    "confused_with": {}
  },
  "kha_nang_ve": {
    "precision": 1.0,
    "recall": 1.0,
    "f1-score": 1.0,
    "support": 10,
    "confused_with": {}
  },
  "chuong_trinh_hoc": {
    "precision": 0.8181818181818182,
    "recall": 0.75,
    "f1-score": 0.7826086956521738,
    "support": 12,
    "confused_with": {
      "gioi_thieu_khoa_hoc": 2,
      "thoi_gian_khoa_hoc": 1
    }
  },
  "gioi_thieu_khoa_hoc": {
    "precision": 0.9069767441860465,
    "recall": 0.9176470588235294,
    "f1-score": 0.9122807017543859,
    "support": 85,
    "confused_with": {
      "co_hoi_viec_lam": 3,
      "dang_ky_xet_tuyen": 2
    }
  },
  "co_hoi_viec_lam": {
    "precision": 0.8846153846153846,
    "recall": 0.8846153846153846,
    "f1-score": 0.8846153846153846,
    "support": 26,
    "confused_with": {
      "gioi_thieu_khoa_hoc": 3
    }
  },
  "hoc_phi": {
    "precision": 1.0,
    "recall": 0.9615384615384616,
    "f1-score": 0.9803921568627451,
    "support": 26,
    "confused_with": {
      "gioi_thieu_khoa_hoc": 1
    }
  },
  "accuracy": 0.9219512195121952,
  "macro avg": {
    "precision": 0.9219155232772124,
    "recall": 0.9201461657537509,
    "f1-score": 0.9205510271350222,
    "support": 205
  },
  "weighted avg": {
    "precision": 0.9224049914917752,
    "recall": 0.9219512195121952,
    "f1-score": 0.921935554374677,
    "support": 205
  }
}