{
  "khoa_hoc": {
    "precision": 0.8879003558718861,
    "recall": 0.9172794117647058,
    "f1-score": 0.9023508137432187,
    "support": 544,
    "confused_with": {}
  },
  "micro avg": {
    "precision": 0.8879003558718861,
    "recall": 0.9172794117647058,
    "f1-score": 0.9023508137432187,
    "support": 544
  },
  "macro avg": {
    "precision": 0.8879003558718861,
    "recall": 0.9172794117647058,
    "f1-score": 0.9023508137432187,
    "support": 544
  },
  "weighted avg": {
    "precision": 0.8879003558718861,
    "recall": 0.9172794117647058,
    "f1-score": 0.9023508137432187,
    "support": 544
  }
}