{
  "khoa_hoc": {
    "precision": 0.8892921960072595,
    "recall": 0.9404990403071017,
    "f1-score": 0.9141791044776121,
    "support": 521,
    "confused_with": {}
  },
  "micro avg": {
    "precision": 0.8892921960072595,
    "recall": 0.9404990403071017,
    "f1-score": 0.9141791044776121,
    "support": 521
  },
  "macro avg": {
    "precision": 0.8892921960072595,
    "recall": 0.9404990403071017,
    "f1-score": 0.9141791044776121,
    "support": 521
  },
  "weighted avg": {
    "precision": 0.8892921960072595,
    "recall": 0.9404990403071017,
    "f1-score": 0.9141791044776121,
    "support": 521
  }
}