{
  "khoa_hoc": {
    "precision": 0.9395711500974658,
    "recall": 0.8860294117647058,
    "f1-score": 0.9120151371807,
    "support": 544,
    "confused_with": {}
  },
  "micro avg": {
    "precision": 0.9395711500974658,
    "recall": 0.8860294117647058,
    "f1-score": 0.9120151371807,
    "support": 544
  },
  "macro avg": {
    "precision": 0.9395711500974658,
    "recall": 0.8860294117647058,
    "f1-score": 0.9120151371807,
    "support": 544
  },
  "weighted avg": {
    "precision": 0.9395711500974658,
    "recall": 0.8860294117647058,
    "f1-score": 0.9120151371807,
    "support": 544
  }
}