{
  "khoa_hoc": {
    "precision": 0.8703374777975134,
    "recall": 0.9007352941176471,
    "f1-score": 0.885275519421861,
    "support": 544,
    "confused_with": {}
  },
  "micro avg": {
    "precision": 0.8703374777975134,
    "recall": 0.9007352941176471,
    "f1-score": 0.885275519421861,
    "support": 544
  },
  "macro avg": {
    "precision": 0.8703374777975134,
    "recall": 0.9007352941176471,
    "f1-score": 0.885275519421861,
    "support": 544
  },
  "weighted avg": {
    "precision": 0.8703374777975134,
    "recall": 0.9007352941176471,
    "f1-score": 0.885275519421861,
    "support": 544
  }
}